"YEAR","MONTH","DAY","DATE","SITE","TRANSECT","SP_CODE","LENGTH_CM","WIDTH_CM","STIPE_LENGTH_CM"
2019,9,6,2019-09-06,"Fort Wetherill",3,"SL",11,12,18
2019,9,6,2019-09-06,"Fort Wetherill",3,"SL",90,10,6
2019,9,6,2019-09-06,"Fort Wetherill",3,"SL",51,5,10
2019,9,6,2019-09-06,"Fort Wetherill",3,"SL",130,12,10
2019,9,6,2019-09-06,"Fort Wetherill",3,"SL",52,5,5
2019,9,6,2019-09-06,"Fort Wetherill",3,"SL",78,10,5
2019,9,6,2019-09-06,"Fort Wetherill",3,"SL",46,6,4
2019,9,6,2019-09-06,"Fort Wetherill",3,"SL",48,4,10
2019,9,6,2019-09-06,"Fort Wetherill",3,"SL",54,8,7
2019,9,6,2019-09-06,"Fort Wetherill",3,"SL",60,5,4
2019,9,11,2019-09-11,"Fort Wetherill",2,"SL",110,12,5
2019,9,11,2019-09-11,"Fort Wetherill",2,"SL",115,12,6
2019,9,11,2019-09-11,"Fort Wetherill",2,"SL",76,11,6
2019,9,11,2019-09-11,"Fort Wetherill",2,"SL",72,10,9
2019,9,11,2019-09-11,"Fort Wetherill",2,"SL",31,6,6
2019,9,11,2019-09-11,"Fort Wetherill",2,"SL",45,8,11
2019,9,11,2019-09-11,"Fort Wetherill",2,"SL",45,5,2
2019,9,11,2019-09-11,"Fort Wetherill",2,"SL",54,7,4
2019,9,11,2019-09-11,"Fort Wetherill",2,"SL",70,11,6
2019,9,11,2019-09-11,"Fort Wetherill",2,"SL",62,7,7
2019,9,16,2019-09-16,"Fort Wetherill",1,"SL",163,14,8
2019,9,16,2019-09-16,"Fort Wetherill",1,"SL",206,16,5
2019,9,16,2019-09-16,"Fort Wetherill",1,"SL",185,13,9
2019,9,16,2019-09-16,"Fort Wetherill",1,"SL",162,11,17
2019,9,16,2019-09-16,"Fort Wetherill",1,"SL",149,18,10
2019,9,16,2019-09-16,"Fort Wetherill",1,"SL",84,10,29
2019,9,16,2019-09-16,"Fort Wetherill",1,"SL",164,16,15
2019,9,16,2019-09-16,"Fort Wetherill",1,"SL",97,10,7
2019,9,16,2019-09-16,"Fort Wetherill",1,"SL",123,11,20
2019,9,16,2019-09-16,"Fort Wetherill",1,"SL",99,10,19
2019,9,16,2019-09-16,"Fort Wetherill",4,"SL",121,10,18
2019,9,16,2019-09-16,"Fort Wetherill",4,"SL",90,5,5
2019,9,16,2019-09-16,"Fort Wetherill",4,"SL",77,11,6
2019,9,16,2019-09-16,"Fort Wetherill",4,"SL",50,5,9
2019,9,16,2019-09-16,"Fort Wetherill",4,"SL",62,5,5
2019,9,16,2019-09-16,"Fort Wetherill",4,"SL",73,4,6
2019,9,16,2019-09-16,"Fort Wetherill",4,"SL",43,3,5
2019,9,16,2019-09-16,"Fort Wetherill",4,"SL",26,8,2
2019,9,16,2019-09-16,"Fort Wetherill",4,"SL",63,5,4
2019,9,16,2019-09-16,"Fort Wetherill",4,"SL",118,10,7
2019,9,16,2019-09-16,"Fort Wetherill",4,"LADI",80,42,3
2019,9,16,2019-09-16,"Fort Wetherill",4,"LADI",58,17,8
2019,9,16,2019-09-16,"Fort Wetherill",4,"LADI",66,22,4
2019,9,16,2019-09-16,"Fort Wetherill",4,"LADI",61,30,7
2019,9,16,2019-09-16,"Fort Wetherill",4,"LADI",70,38,3
2019,9,30,2019-09-30,"Kings Beach",3,"SL",130,8,8
2019,9,30,2019-09-30,"Kings Beach",3,"SL",61,8,6
2019,9,30,2019-09-30,"Kings Beach",3,"SL",91,9,10
2019,9,30,2019-09-30,"Kings Beach",3,"SL",102,7,12
2019,9,30,2019-09-30,"Kings Beach",3,"SL",54,9,5
2019,9,30,2019-09-30,"Kings Beach",3,"SL",68,9,7
2019,9,30,2019-09-30,"Kings Beach",3,"SL",70,9,9
2019,9,30,2019-09-30,"Kings Beach",3,"SL",42,7,6
2019,9,30,2019-09-30,"Kings Beach",3,"SL",92,6,10
2019,9,30,2019-09-30,"Kings Beach",4,"SL",60,10,1
2019,9,30,2019-09-30,"Kings Beach",4,"SL",54,8,1
2019,9,30,2019-09-30,"Kings Beach",4,"SL",91,11,6
2019,9,30,2019-09-30,"Kings Beach",4,"SL",50,7,8
2019,9,30,2019-09-30,"Kings Beach",4,"SL",42,6,4
2019,9,30,2019-09-30,"Kings Beach",4,"SL",48,7,7
2019,9,30,2019-09-30,"Kings Beach",4,"SL",45,8,2
2019,9,30,2019-09-30,"Kings Beach",4,"SL",35,5,3
2019,9,30,2019-09-30,"Kings Beach",4,"SL",25,6,2
2019,9,30,2019-09-30,"Kings Beach",4,"SL",46,6,3
2019,9,26,2019-09-26,"Kings Beach",2,"SL",55,5,4
2019,9,26,2019-09-26,"Kings Beach",2,"SL",29,4,6
2019,9,26,2019-09-26,"Kings Beach",2,"SL",55,4,3
2019,9,26,2019-09-26,"Kings Beach",2,"SL",61,7,4
2019,9,26,2019-09-26,"Kings Beach",2,"SL",55,10,7
2019,9,26,2019-09-26,"Kings Beach",2,"SL",54,7,7
2019,9,26,2019-09-26,"Kings Beach",2,"SL",49,4,4
2019,9,26,2019-09-26,"Kings Beach",2,"SL",41,6,8
2019,9,26,2019-09-26,"Kings Beach",2,"SL",116,10,9
2019,9,26,2019-09-26,"Kings Beach",2,"SL",80,10,7
2020,7,13,2020-07-13,"Fort Wetherill",4,"SL",217,15,18
2020,7,13,2020-07-13,"Fort Wetherill",4,"SL",220,19,18
2020,7,13,2020-07-13,"Fort Wetherill",4,"SL",104,12,9
2020,7,13,2020-07-13,"Fort Wetherill",4,"SL",75,16,8
2020,7,13,2020-07-13,"Fort Wetherill",4,"SL",199,18,6
2020,7,13,2020-07-13,"Fort Wetherill",4,"SL",80,13,9
2020,7,13,2020-07-13,"Fort Wetherill",4,"SL",143,9,13
2020,7,13,2020-07-13,"Fort Wetherill",4,"SL",47,5,3
2020,7,13,2020-07-13,"Fort Wetherill",4,"SL",105,10,7
2020,7,13,2020-07-13,"Fort Wetherill",4,"SL",39,5,2
2020,7,13,2020-07-13,"Fort Wetherill",3,"SL",81,10,7
2020,7,13,2020-07-13,"Fort Wetherill",3,"SL",55,9,8
2020,7,13,2020-07-13,"Fort Wetherill",3,"SL",35,5,3
2020,7,13,2020-07-13,"Fort Wetherill",3,"SL",105,12,9
2020,7,13,2020-07-13,"Fort Wetherill",3,"SL",176,12,8
2020,7,13,2020-07-13,"Fort Wetherill",3,"SL",61,3,4
2020,7,13,2020-07-13,"Fort Wetherill",3,"SL",101,12,3
2020,7,13,2020-07-13,"Fort Wetherill",3,"SL",55,5,6
2020,7,13,2020-07-13,"Fort Wetherill",3,"SL",56,10,3
2020,7,13,2020-07-13,"Fort Wetherill",3,"SL",79,11,4
2020,7,15,2020-07-15,"Fort Wetherill",1,"LADI",106,39,10
2020,7,15,2020-07-15,"Fort Wetherill",1,"LADI",91,32,10
2020,7,15,2020-07-15,"Fort Wetherill",1,"LADI",92,33,5
2020,7,15,2020-07-15,"Fort Wetherill",1,"LADI",107,36,7
2020,7,15,2020-07-15,"Fort Wetherill",1,"LADI",109,41,15
2020,7,15,2020-07-15,"Fort Wetherill",1,"LADI",70,32,13
2020,7,15,2020-07-15,"Fort Wetherill",1,"SL",49,11,3
2020,7,15,2020-07-15,"Fort Wetherill",1,"SL",66,10,6
2020,7,15,2020-07-15,"Fort Wetherill",1,"SL",111,9,8
2020,7,15,2020-07-15,"Fort Wetherill",1,"SL",143,11,5
2020,7,15,2020-07-15,"Fort Wetherill",1,"SL",82,9,10
2020,7,15,2020-07-15,"Fort Wetherill",1,"SL",99,8,7
2020,7,15,2020-07-15,"Fort Wetherill",1,"SL",107,12,9
2020,7,15,2020-07-15,"Fort Wetherill",1,"SL",55,4,4
2020,7,15,2020-07-15,"Fort Wetherill",1,"SL",75,14,3
2020,7,15,2020-07-15,"Fort Wetherill",1,"SL",92,10,5
2020,7,15,2020-07-15,"Fort Wetherill",2,"LADI",86,33,8
2020,7,15,2020-07-15,"Fort Wetherill",2,"LADI",98,38,9
2020,7,15,2020-07-15,"Fort Wetherill",2,"LADI",59,30,7
2020,7,15,2020-07-15,"Fort Wetherill",2,"LADI",79,50,9
2020,7,15,2020-07-15,"Fort Wetherill",2,"LADI",95,42,5
2020,7,15,2020-07-15,"Fort Wetherill",2,"LADI",88,29,7
2020,7,15,2020-07-15,"Fort Wetherill",2,"SL",101,11,8
2020,7,15,2020-07-15,"Fort Wetherill",2,"SL",89,11,15
2020,7,15,2020-07-15,"Fort Wetherill",2,"SL",90,6,10
2020,7,15,2020-07-15,"Fort Wetherill",2,"SL",135,8,4
2020,7,15,2020-07-15,"Fort Wetherill",2,"SL",50,8,4
2020,7,15,2020-07-15,"Fort Wetherill",2,"SL",32,3,5
2020,7,15,2020-07-15,"Fort Wetherill",2,"SL",40,4,6
2020,7,21,2020-07-21,"Kings Beach",2,"SL",68,15,6
2020,7,21,2020-07-21,"Kings Beach",2,"SL",80,11,3
2020,7,21,2020-07-21,"Kings Beach",2,"SL",70,7,3
2020,7,21,2020-07-21,"Kings Beach",2,"SL",162,9,8
2020,7,21,2020-07-21,"Kings Beach",2,"SL",62,7,3
2020,7,21,2020-07-21,"Kings Beach",2,"SL",77,7,4
2020,7,21,2020-07-21,"Kings Beach",2,"SL",46,3,3
2020,7,21,2020-07-21,"Kings Beach",2,"SL",72,10,9
2020,7,21,2020-07-21,"Kings Beach",2,"SL",46,3,3
2020,7,21,2020-07-21,"Kings Beach",2,"SL",72,10,9
2020,7,21,2020-07-21,"Kings Beach",2,"SL",137,8,5
2020,7,21,2020-07-21,"Kings Beach",2,"SL",65,8,3
2020,7,21,2020-07-21,"Kings Beach",2,"LADI",76,15,4
2020,7,21,2020-07-21,"Kings Beach",4,"SL",33,10,3
2020,7,21,2020-07-21,"Kings Beach",4,"SL",99,8,5
2020,7,21,2020-07-21,"Kings Beach",4,"SL",78,9,3
2020,7,21,2020-07-21,"Kings Beach",4,"SL",37,9,3
2020,7,21,2020-07-21,"Kings Beach",4,"SL",41,10,2
2020,7,21,2020-07-21,"Kings Beach",4,"SL",113,12,6
2020,7,21,2020-07-21,"Kings Beach",4,"SL",55,7,8
2020,7,21,2020-07-21,"Kings Beach",4,"SL",49,6,4
2020,7,21,2020-07-21,"Kings Beach",4,"SL",41,6,3
2020,7,21,2020-07-21,"Kings Beach",4,"SL",42,7,4
2020,7,22,2020-07-22,"Kings Beach",3,"SL",158,12,9
2020,7,22,2020-07-22,"Kings Beach",3,"SL",74,13,3
2020,7,22,2020-07-22,"Kings Beach",3,"SL",145,11,8
2020,7,22,2020-07-22,"Kings Beach",3,"SL",108,13,3
2020,7,22,2020-07-22,"Kings Beach",3,"SL",53,7,2
2020,7,22,2020-07-22,"Kings Beach",3,"SL",78,10,6
2020,7,22,2020-07-22,"Kings Beach",3,"SL",96,10,7
2020,7,22,2020-07-22,"Kings Beach",3,"SL",107,10,5
2020,7,22,2020-07-22,"Kings Beach",3,"SL",103,11,6
2020,7,22,2020-07-22,"Kings Beach",3,"SL",90,10,5
2021,NA,NA,NA,"Fort Wetherill",4,"SL",34,4,4
2021,NA,NA,NA,"Fort Wetherill",4,"SL",105,11,9
2021,NA,NA,NA,"Fort Wetherill",4,"SL",28,3,3
2021,NA,NA,NA,"Fort Wetherill",4,"SL",47,6,4
2021,NA,NA,NA,"Fort Wetherill",4,"SL",30,3,3
2021,NA,NA,NA,"Fort Wetherill",4,"SL",46,3,4
2021,NA,NA,NA,"Fort Wetherill",4,"SL",36,2,4
2021,NA,NA,NA,"Fort Wetherill",4,"SL",70,9,8
2021,NA,NA,NA,"Fort Wetherill",4,"SL",37,4,3
2021,NA,NA,NA,"Fort Wetherill",4,"SL",32,2,2
2021,NA,NA,NA,"Fort Wetherill",2,"SL",39,4,3
2021,NA,NA,NA,"Fort Wetherill",2,"SL",50,4,5
2021,NA,NA,NA,"Fort Wetherill",2,"SL",23,3,6
2021,NA,NA,NA,"Fort Wetherill",2,"SL",47,6,4
2021,NA,NA,NA,"Fort Wetherill",2,"SL",22,2,4
2021,NA,NA,NA,"Fort Wetherill",2,"SL",44,3,6
2021,NA,NA,NA,"Fort Wetherill",2,"SL",25,2,2
2021,NA,NA,NA,"Fort Wetherill",2,"SL",22,3,3
2021,NA,NA,NA,"Fort Wetherill",2,"SL",36,3,4
2021,NA,NA,NA,"Fort Wetherill",2,"SL",28,2,3
2021,NA,NA,NA,"Fort Wetherill",1,"SL",34,5,3
2021,NA,NA,NA,"Fort Wetherill",1,"SL",54,4,4
2021,NA,NA,NA,"Fort Wetherill",1,"SL",38,5,4
2021,NA,NA,NA,"Fort Wetherill",1,"SL",91,11,6
2021,NA,NA,NA,"Fort Wetherill",1,"SL",44,3,3
2021,NA,NA,NA,"Fort Wetherill",1,"SL",48,5,4
2021,NA,NA,NA,"Fort Wetherill",1,"SL",33,4,3
2021,NA,NA,NA,"Fort Wetherill",1,"SL",33,3,3
2021,NA,NA,NA,"Fort Wetherill",1,"SL",36,3,3
2021,NA,NA,NA,"Fort Wetherill",1,"SL",38,4,3
2021,NA,NA,NA,"Kings Beach",2,"SL",50,4,4
2021,NA,NA,NA,"Kings Beach",2,"SL",53,10,8
2021,NA,NA,NA,"Kings Beach",2,"SL",37,4,4
2021,NA,NA,NA,"Kings Beach",2,"SL",60,4,9
2021,NA,NA,NA,"Kings Beach",2,"SL",31,4,3
2021,NA,NA,NA,"Kings Beach",2,"SL",26,3,3
2021,NA,NA,NA,"Kings Beach",2,"SL",26,3,3
2021,NA,NA,NA,"Kings Beach",2,"SL",27,3,3
2021,NA,NA,NA,"Kings Beach",2,"SL",43,4,4
2021,NA,NA,NA,"Kings Beach",2,"SL",41,4,3
2021,NA,NA,NA,"Kings Beach",4,"SL",38,4,3
2021,NA,NA,NA,"Kings Beach",4,"SL",11,2,1
2021,NA,NA,NA,"Kings Beach",4,"SL",55,4,5
2021,NA,NA,NA,"Kings Beach",4,"SL",31,3,3
2021,NA,NA,NA,"Kings Beach",4,"SL",16,3,2
2021,NA,NA,NA,"Kings Beach",4,"SL",32,3,3
2021,NA,NA,NA,"Kings Beach",4,"SL",32,3,3
2021,NA,NA,NA,"Kings Beach",4,"SL",26,2,2
2021,NA,NA,NA,"Kings Beach",4,"SL",48,3,3
2021,NA,NA,NA,"Kings Beach",4,"SL",33,4,3
2021,NA,NA,NA,"Kings Beach",3,"SL",31,2,3
2021,NA,NA,NA,"Kings Beach",3,"SL",55,8,5
2021,NA,NA,NA,"Kings Beach",3,"SL",27,3,2
2021,NA,NA,NA,"Kings Beach",3,"SL",23,2,3
2021,NA,NA,NA,"Kings Beach",3,"SL",28,3,3
2021,NA,NA,NA,"Kings Beach",3,"SL",36,4,4
2021,NA,NA,NA,"Kings Beach",3,"SL",21,2,1
2021,NA,NA,NA,"Kings Beach",3,"SL",31,3,2
2021,NA,NA,NA,"Kings Beach",3,"SL",18,3,2
2021,NA,NA,NA,"Kings Beach",3,"SL",28,3,3
2021,NA,NA,NA,"Fort Wetherill",3,"SL",21,3.7,1.7
2021,NA,NA,NA,"Fort Wetherill",3,"SL",56,12.5,8.8
2021,NA,NA,NA,"Fort Wetherill",3,"SL",40,10,5.5
2021,NA,NA,NA,"Fort Wetherill",3,"SL",63,14.6,5.8
2021,NA,NA,NA,"Fort Wetherill",3,"SL",82,13.2,NA
2021,NA,NA,NA,"Fort Wetherill",3,"SL",45,11,9
2021,NA,NA,NA,"Fort Wetherill",3,"SL",51,10,8
2021,NA,NA,NA,"Fort Wetherill",3,"SL",32,4,2
2021,NA,NA,NA,"Fort Wetherill",3,"SL",44,8,4.6
2021,NA,NA,NA,"Fort Wetherill",3,"SL",42,7.2,3
2021,NA,NA,NA,"Fort Wetherill",3,"SL",45,6.1,4.1
2021,NA,NA,NA,"Fort Wetherill",3,"SL",50,15.1,7.2
2021,NA,NA,NA,"Fort Wetherill",3,"SL",74,16.2,13.2
2022,NA,NA,NA,"Fort Wetherill",3,"SL",34,3,3
2022,NA,NA,NA,"Fort Wetherill",3,"SL",105,7,5
2022,NA,NA,NA,"Fort Wetherill",3,"SL",49,6,4
2022,NA,NA,NA,"Fort Wetherill",3,"SL",26,3,2
2022,NA,NA,NA,"Fort Wetherill",3,"SL",43,4,4
2022,NA,NA,NA,"Fort Wetherill",3,"SL",51,6,5
2022,NA,NA,NA,"Fort Wetherill",3,"SL",31,3,3
2022,NA,NA,NA,"Fort Wetherill",3,"SL",28,3,3
2022,NA,NA,NA,"Fort Wetherill",3,"SL",29,3,3
2022,NA,NA,NA,"Fort Wetherill",3,"SL",40,5,5
2022,NA,NA,NA,"Fort Wetherill",4,"SL",50,6,3
2022,NA,NA,NA,"Fort Wetherill",4,"SL",47,4,4
2022,NA,NA,NA,"Fort Wetherill",4,"SL",46,6,5
2022,NA,NA,NA,"Fort Wetherill",4,"SL",35,5,3
2022,NA,NA,NA,"Fort Wetherill",4,"SL",111,9,8
2022,NA,NA,NA,"Fort Wetherill",4,"SL",31,4,2
2022,NA,NA,NA,"Fort Wetherill",4,"SL",33,3,2
2022,NA,NA,NA,"Fort Wetherill",4,"SL",31,3,3
2022,NA,NA,NA,"Fort Wetherill",4,"SL",33,3,2
2022,NA,NA,NA,"Fort Wetherill",4,"SL",22,2,2
2022,NA,NA,NA,"Fort Wetherill",1,"SL",22,5,4
2022,NA,NA,NA,"Fort Wetherill",1,"SL",38,5,5
2022,NA,NA,NA,"Fort Wetherill",1,"SL",47,5,6
2022,NA,NA,NA,"Fort Wetherill",1,"SL",41,5,3
2022,NA,NA,NA,"Fort Wetherill",1,"SL",31,3,3
2022,NA,NA,NA,"Fort Wetherill",1,"SL",39,4,3
2022,NA,NA,NA,"Fort Wetherill",1,"SL",35,3,2
2022,NA,NA,NA,"Fort Wetherill",1,"SL",41,5,3
2022,NA,NA,NA,"Fort Wetherill",1,"SL",33,3,2
2022,NA,NA,NA,"Fort Wetherill",1,"SL",25,2,2
2022,NA,NA,NA,"Fort Wetherill",2,"SL",90,7,6
2022,NA,NA,NA,"Fort Wetherill",2,"SL",42,6,6
2022,NA,NA,NA,"Fort Wetherill",2,"SL",38,3,3
2022,NA,NA,NA,"Fort Wetherill",2,"SL",44,5,5
2022,NA,NA,NA,"Fort Wetherill",2,"SL",33,3,2
2022,NA,NA,NA,"Kings Beach",4,"SL",36,5,4
2022,NA,NA,NA,"Kings Beach",4,"SL",49,5,6
2022,NA,NA,NA,"Kings Beach",4,"SL",39,4,3
2022,NA,NA,NA,"Kings Beach",4,"SL",41,5,4
2022,NA,NA,NA,"Kings Beach",4,"SL",40,5,4
2022,NA,NA,NA,"Kings Beach",4,"SL",31,3,3
2022,NA,NA,NA,"Kings Beach",4,"SL",32,3,3
2022,NA,NA,NA,"Kings Beach",3,"SL",50,6,4
2022,NA,NA,NA,"Kings Beach",3,"SL",32,3,3
2022,NA,NA,NA,"Kings Beach",3,"SL",42,4,3
2022,NA,NA,NA,"Kings Beach",3,"SL",36,5,3
2022,NA,NA,NA,"Kings Beach",3,"SL",29,2,3
2022,NA,NA,NA,"Kings Beach",3,"SL",31,3,2
2022,NA,NA,NA,"Kings Beach",3,"SL",39,3,2
2022,NA,NA,NA,"Kings Beach",3,"SL",26,3,3
2022,NA,NA,NA,"Kings Beach",3,"SL",49,6,5
2022,NA,NA,NA,"Kings Beach",2,"SL",41,5,5
2022,NA,NA,NA,"Kings Beach",2,"SL",28,3,4
2022,NA,NA,NA,"Kings Beach",2,"SL",33,3,2
2022,NA,NA,NA,"Kings Beach",2,"SL",21,2,1
2022,NA,NA,NA,"Kings Beach",2,"SL",47,4,4
2022,NA,NA,NA,"Kings Beach",2,"SL",40,3,3
2022,NA,NA,NA,"Kings Beach",2,"SL",39,3,2
2022,NA,NA,NA,"Kings Beach",2,"SL",44,5,4
2022,NA,NA,NA,"Kings Beach",2,"SL",30,2,2
2022,NA,NA,NA,"Kings Beach",2,"SL",27,2,2
2023,6,26,2023-06-26,"Fort Wetherill",3,"SL",4,30,2
2023,6,26,2023-06-26,"Fort Wetherill",3,"SL",12,105,9
2023,6,26,2023-06-26,"Fort Wetherill",3,"SL",12,81,6
2023,6,26,2023-06-26,"Fort Wetherill",3,"SL",8,88,6
2023,6,26,2023-06-26,"Fort Wetherill",3,"SL",4,29,2
2023,6,26,2023-06-26,"Fort Wetherill",3,"SL",8,56,4
2023,6,26,2023-06-26,"Fort Wetherill",3,"SL",4,35,2
2023,6,26,2023-06-26,"Fort Wetherill",3,"SL",3,24,1
2023,6,26,2023-06-26,"Fort Wetherill",3,"SL",8,52,3
2023,6,26,2023-06-26,"Fort Wetherill",5,"SL",5,27,1
2023,6,26,2023-06-26,"Fort Wetherill",5,"SL",16,65,3
2023,6,26,2023-06-26,"Fort Wetherill",5,"SL",15,75,9
2023,6,26,2023-06-26,"Fort Wetherill",5,"SL",15,85,6
2023,6,26,2023-06-26,"Fort Wetherill",5,"SL",10,60,5
2023,6,26,2023-06-26,"Fort Wetherill",5,"SL",16,65,4
2023,6,26,2023-06-26,"Fort Wetherill",5,"SL",10,57,4
2023,6,26,2023-06-26,"Fort Wetherill",5,"SL",5,28,2
2023,6,26,2023-06-26,"Fort Wetherill",5,"SL",11,50,7
2023,6,26,2023-06-26,"Fort Wetherill",5,"SL",9,55,5
2023,6,26,2023-06-26,"Fort Wetherill",4,"SL",15,100,6
2023,6,26,2023-06-26,"Fort Wetherill",4,"SL",15,112,6
2023,6,26,2023-06-26,"Fort Wetherill",4,"SL",15,130,6
2023,6,26,2023-06-26,"Fort Wetherill",4,"SL",15,165,7
2023,6,26,2023-06-26,"Fort Wetherill",4,"SL",10,80,4
2023,6,26,2023-06-26,"Fort Wetherill",4,"SL",10,90,6
2023,6,26,2023-06-26,"Fort Wetherill",4,"SL",16,150,9
2023,6,26,2023-06-26,"Fort Wetherill",4,"SL",14,130,9
2023,6,26,2023-06-26,"Fort Wetherill",4,"SL",9,90,5
2023,6,26,2023-06-26,"Fort Wetherill",4,"SL",8,65,4
2023,6,29,2023-06-29,"Fort Wetherill",2,"SL",11,37,5
2023,6,29,2023-06-29,"Fort Wetherill",2,"SL",10,100,5
2023,6,29,2023-06-29,"Fort Wetherill",2,"SL",12,50,4
2023,6,29,2023-06-29,"Fort Wetherill",2,"SL",11,140,15
2023,6,29,2023-06-29,"Fort Wetherill",2,"SL",16,125,7
2023,6,29,2023-06-29,"Fort Wetherill",2,"SL",8,85,7
2023,6,29,2023-06-29,"Fort Wetherill",2,"SL",7,66,3
2023,6,29,2023-06-29,"Fort Wetherill",2,"SL",11,70,5
2023,6,29,2023-06-29,"Fort Wetherill",2,"SL",12,73,7
2023,6,29,2023-06-29,"Fort Wetherill",2,"SL",12,95,4
2023,6,30,2023-06-30,"Kings Beach",2,"SL",9,62,3
2023,6,30,2023-06-30,"Kings Beach",2,"SL",9,63,1
2023,6,30,2023-06-30,"Kings Beach",2,"SL",9,60,3
2023,6,30,2023-06-30,"Kings Beach",2,"SL",9,54,6
2023,6,30,2023-06-30,"Kings Beach",2,"SL",9,50,3
2023,6,30,2023-06-30,"Kings Beach",2,"SL",8,42,4
2023,6,30,2023-06-30,"Kings Beach",2,"SL",10,46,3
2023,6,30,2023-06-30,"Kings Beach",2,"SL",7,60,3
2023,6,30,2023-06-30,"Kings Beach",2,"SL",7,55,3
2023,6,30,2023-06-30,"Kings Beach",3,"SL",12,92,5
2023,6,30,2023-06-30,"Kings Beach",3,"SL",10,142,4
2023,6,30,2023-06-30,"Kings Beach",3,"SL",13,85,3
2023,6,30,2023-06-30,"Kings Beach",3,"SL",8,37,6
2023,6,30,2023-06-30,"Kings Beach",3,"SL",10,122,4
2023,6,30,2023-06-30,"Kings Beach",3,"SL",10,100,4
2023,6,30,2023-06-30,"Kings Beach",3,"SL",6,22,3
2023,6,30,2023-06-30,"Kings Beach",3,"SL",9,80,3
2023,6,30,2023-06-30,"Kings Beach",3,"SL",7,96,3
2023,6,30,2023-06-30,"Kings Beach",3,"SL",6,51,2
2023,6,30,2023-06-30,"Kings Beach",4,"SL",4,16,1
2023,6,30,2023-06-30,"Kings Beach",4,"SL",10,26,2
2023,6,30,2023-06-30,"Kings Beach",4,"SL",6,45,3
2016,8,NA,2016-08-23,"Fort Wetherill",1,"LADI",104,25,11
2016,8,NA,2016-08-23,"Fort Wetherill",1,"LADI",63,23,5
2016,8,NA,2016-08-23,"Fort Wetherill",1,"LADI",66,50,4
2016,8,NA,2016-08-23,"Fort Wetherill",1,"LADI",84,30,5
2016,8,NA,2016-08-23,"Fort Wetherill",1,"LADI",44,34,9
2016,8,NA,2016-08-23,"Fort Wetherill",1,"LADI",54,34,3
2016,8,NA,2016-08-23,"Fort Wetherill",1,"LADI",82,19,5
2016,8,NA,2016-08-23,"Fort Wetherill",1,"LADI",41,14,4
2016,8,NA,2016-08-23,"Fort Wetherill",1,"LADI",92,29,5
2016,8,NA,2016-08-23,"Fort Wetherill",1,"LADI",81,13,5
2016,8,NA,2016-08-23,"Fort Wetherill",1,"SL",84,11,9
2016,8,NA,2016-08-23,"Fort Wetherill",1,"SL",112,10,14
2016,8,NA,2016-08-23,"Fort Wetherill",1,"SL",136,10,8
2016,8,NA,2016-08-23,"Fort Wetherill",1,"SL",61,7,4
2016,8,NA,2016-08-23,"Fort Wetherill",1,"SL",58,6,9
2016,8,NA,2016-08-23,"Fort Wetherill",1,"SL",84,12,8
2016,8,NA,2016-08-23,"Fort Wetherill",1,"SL",32,6,3
2016,8,NA,2016-08-23,"Fort Wetherill",1,"SL",51,4,5
2016,8,NA,2016-08-23,"Fort Wetherill",1,"SL",34,3,3
2016,8,NA,2016-08-23,"Fort Wetherill",1,"SL",28,3,2
2016,8,NA,2016-08-23,"Fort Wetherill",2,"LADI",74,25,12
2016,8,NA,2016-08-23,"Fort Wetherill",2,"LADI",107,59,13
2016,8,NA,2016-08-23,"Fort Wetherill",2,"LADI",33,24,12
2016,8,NA,2016-08-23,"Fort Wetherill",2,"LADI",81,28,11
2016,8,NA,2016-08-23,"Fort Wetherill",2,"LADI",71,68,12
2016,8,NA,2016-08-23,"Fort Wetherill",2,"LADI",75,24,9
2016,8,NA,2016-08-23,"Fort Wetherill",2,"LADI",66,25,8
2016,8,NA,2016-08-23,"Fort Wetherill",2,"LADI",66,45,8
2016,8,NA,2016-08-23,"Fort Wetherill",2,"LADI",57,54,6
2016,8,NA,2016-08-23,"Fort Wetherill",2,"LADI",61,42,9
2016,8,NA,2016-08-23,"Fort Wetherill",2,"SL",27,6,2
2016,8,NA,2016-08-23,"Fort Wetherill",2,"SL",72,15,12
2016,8,NA,2016-08-23,"Fort Wetherill",2,"SL",115,10,9
2016,8,NA,2016-08-23,"Fort Wetherill",2,"SL",48,9,3
2016,8,NA,2016-08-23,"Fort Wetherill",2,"SL",80,11,10
2016,8,NA,2016-08-23,"Fort Wetherill",2,"SL",84,10,10
2016,8,NA,2016-08-23,"Fort Wetherill",2,"SL",30,10,6
2016,8,NA,2016-08-23,"Fort Wetherill",2,"SL",74,11,7
2016,8,NA,2016-08-23,"Fort Wetherill",2,"SL",29,6,3
2016,8,NA,2016-08-23,"Fort Wetherill",2,"SL",74,9,10
2016,8,NA,2016-08-24,"Fort Wetherill",4,"SL",27,6,4
2016,8,NA,2016-08-24,"Fort Wetherill",4,"SL",50,6,5
2016,8,NA,2016-08-24,"Fort Wetherill",4,"SL",35,4,3
2016,8,NA,2016-08-24,"Fort Wetherill",4,"SL",55,8,4
2016,8,NA,2016-08-24,"Fort Wetherill",4,"SL",24,3,2
2016,8,NA,2016-08-24,"Fort Wetherill",4,"SL",28,4,2
2016,8,NA,2016-08-24,"Fort Wetherill",4,"SL",40,4,2
2016,8,NA,2016-08-24,"Fort Wetherill",4,"SL",46,6,4
2016,8,NA,2016-08-24,"Fort Wetherill",4,"SL",50,5,3
2016,8,NA,2016-08-24,"Fort Wetherill",4,"SL",32,4,2
2016,8,NA,2016-08-24,"Fort Wetherill",3,"LADI",52,40,10
2016,8,NA,2016-08-24,"Fort Wetherill",3,"LADI",53,20,4
2016,8,NA,2016-08-24,"Fort Wetherill",3,"LADI",32,25,6
2016,8,NA,2016-08-24,"Fort Wetherill",3,"LADI",44,31,6
2016,8,NA,2016-08-24,"Fort Wetherill",3,"LADI",58,19,7
2016,8,NA,2016-08-24,"Fort Wetherill",3,"LADI",65,29,9
2016,8,NA,2016-08-24,"Fort Wetherill",3,"LADI",52,35,13
2016,8,NA,2016-08-24,"Fort Wetherill",3,"LADI",32,22,6
2016,8,NA,2016-08-24,"Fort Wetherill",3,"LADI",36,35,9
2016,8,NA,2016-08-24,"Fort Wetherill",3,"LADI",65,19,8
2016,8,NA,2016-08-24,"Fort Wetherill",3,"SL",62,8,10
2016,8,NA,2016-08-24,"Fort Wetherill",3,"SL",55,12,5
2016,8,NA,2016-08-24,"Fort Wetherill",3,"SL",190,16,5
2016,8,NA,2016-08-24,"Fort Wetherill",3,"SL",38,5,3
2016,8,NA,2016-08-24,"Fort Wetherill",3,"SL",68,9,11
2016,8,NA,2016-08-24,"Fort Wetherill",3,"SL",32,5,2
2016,8,NA,2016-08-24,"Fort Wetherill",3,"SL",27,4,3
2016,8,NA,2016-08-24,"Fort Wetherill",3,"SL",39,5,4
2016,8,NA,2016-08-24,"Fort Wetherill",3,"SL",21,3,3
2016,8,NA,2016-08-24,"Fort Wetherill",3,"SL",30,9,5
